"Gene.ID","chromosome_name","start_position","end_position","Row.names","baseMean","log2FoldChange","lfcSE","stat","pvalue","padj","Gene.Name"
"ENSG00000124216","chr20",49982980,49988886,"ENSG00000124216",53.8864585141774,-4.15505528027304,0.454767652016015,-9.1366553048648,6.4413690326798e-20,3.26300590791825e-18,"SNAI1"
"ENSG00000154096","chr11",119415476,119424985,"ENSG00000154096",3146.01390083656,12.371933539002,0.840616806647953,14.7176852058626,4.96361829290168e-49,1.10634539368512e-46,"THY1"
"ENSG00000166049","chrX",151563675,151676739,"ENSG00000166049",251.228544115509,11.075917995185,1.19214485921296,9.29074844352154,1.53207159146809e-20,8.5761030318755e-19,"PASD1"
"ENSG00000198879","chr10",7158624,7411488,"ENSG00000198879",260.22213715198,-11.8075339864908,1.20886180674331,-9.76748038578575,1.55265329699262e-22,1.03445525912134e-20,"SFMBT2"
